Competitors,Trends,Strategies,Key Players,Revenue,Profit Margin
Canoo Inc,EV Sales Will Continue Rising in 2024,"Electric Vehicle Market by Component, Vehicle Type, Vehicle Class, Propulsion (BEV, PHEV, FCEV), Vehicle Drive Type (FWD, RWD, AWD), Vehicle Top Speed (<125 mph, >125 mph), Charging Point Type, Vehicle Connectivity, End Use, Region - Global Forecast 2030",Agree & Join LinkedIn,0.1450,0.1450
General Motors Co,Declining Prices Will Make the EV Market More Affordable,Get online access to the report on the World's First Market Intelligence Cloud,"By clicking Continue, you agree to LinkedIn’s User Agreement, Privacy Policy, and Cookie Policy.",,
Tesla Inc,Charging Stations Will Advance Boosting EV Industry Growth,Scope of the Report,Create your free account or sign in to continue your search,,
Rivian Automotive Inc,Challenges for EV Charging Station Installers & Contractors,Instant Answers with GPT - Ask Now!,,,
Lordstown Motors Corp,Opportunities for EV Charging Station Installers & Contractors,Request More Details,,,
,Electric Vehicles Eligible for Tax Credits Change in 2024,,or,,
,EV Industry Growth in 2024 Creates Opportunities for Contractors,,"By clicking Continue, you agree to LinkedIn’s User Agreement, Privacy Policy, and Cookie Policy.",,
,Recent Posts,,New to LinkedIn? Join now,,
,,,or,,
,,,"By clicking Continue, you agree to LinkedIn’s User Agreement, Privacy Policy, and Cookie Policy.",,
,,,New to LinkedIn? Join now,,
,,,Electric Vehicles Market Analysis and Latest Trends,,
,,,"Electric vehicles (EVs) are automobiles that are powered either partially or fully by electricity. They use one or more electric motors, powered by rechargeable batteries, to provide the main propulsion. EVs aim to reduce greenhouse gas emissions and dependence on fossil fuels, offering a cleaner and more sustainable mode of transportation.",,
,,,"The global electric vehicles market has been witnessing significant growth in recent years. The rising concerns regarding environmental pollution caused by traditional fuel-powered vehicles, coupled with the increasing government initiatives to promote electric mobility, are driving the market growth. Additionally, technological advancements, including improvements in battery technology and the establishment of a robust charging infrastructure, have further accelerated the adoption of EVs.",,
,,,"The market analysis shows a strong growth trajectory for the electric vehicles market. The market is expected to grow at a compound annual growth rate (CAGR) of % during the forecast period. The rising investments by major automotive manufacturers in the development and production of electric vehicles have contributed to the market expansion. Furthermore, the increasing adoption of EVs in the commercial sector, such as delivery and transportation services, is also boosting the market growth.",,
,,,"One of the latest trends in the electric vehicles market is the increasing demand for electric SUVs and crossovers. This trend is driven by the changing consumer preferences for larger, more spacious vehicles with better mileage and lower operational costs. Electric SUVs offer the advantages of zero-emission driving combined with the practicality and versatility of traditional SUVs.",,
,,,"Another trend is the growing popularity of electric two-wheelers, such as electric bicycles and electric scooters. The ease of maneuverability, lower operational costs, and eco-friendly characteristics make them an attractive alternative for urban commuting.",,
,,,"Overall, the electric vehicles market is witnessing steady growth due to increasing environmental awareness, government support, technological advancements, and changing consumer preferences. The market is expected to continue its upward trajectory in the coming years, providing opportunities for industry players to innovate and expand their offerings.",,
,,,Get a Sample PDF of the Report:  https://www.reliableresearchreports.com/enquiry/request-sample/1698776,,
,,,,,
,,,Electric Vehicles Major Market Players,,
,,,"The electric vehicle (EV) market has witnessed significant growth in recent years with several major players dominating the industry. Some of the key players in the market include BYD, Volkswagen (VW), Tesla, Geely, General Motors (GM), BAIC, SAIC, BMW, Renault-Nissan, Toyota, Changan, Mitsubishi, Zotye, Ford, JAC, JMCG, Daimler, Yutong, Hyundai, and Chery.",,
,,,"Tesla, founded in 2003, has played a crucial role in popularizing electric vehicles. The company's emphasis on high-performance electric cars like the Model S and Model 3, along with its extensive network of supercharging stations, has propelled its growth. Tesla has become the most valuable automaker, with a market capitalization exceeding $800 billion. In 2020, the company's revenue reached $ billion, representing a substantial market share.",,
,,,"Another major player is Volkswagen, which has accelerated its efforts towards electrification. VW aims to become the global leader in electric vehicles and plans to invest around €73 billion ($86 billion) in electrification and digitalization by 2025. The company's  and  models have been well-received by consumers, contributing to its growing market presence. In 2020, VW generated € billion ($ billion) in sales revenue.",,
,,,"BYD, a Chinese automaker, has established itself as one of the world's leading electric vehicle manufacturers. The company offers a wide range of electric vehicles, including cars, buses, and trucks. With a history dating back to 1995, BYD has focused on developing advanced battery technologies, giving it a competitive advantage. In 2020, BYD reported CNY  billion ($ billion) in sales revenue.",,
,,,"General Motors launched its electric vehicle brand, Chevrolet Bolt EV, in 2016, marking its entry into the mainstream electric vehicle market. The company plans to invest $27 billion in electric and autonomous vehicles through 2025. GM's sales revenue for 2020 was $ billion.",,
,,,"Renault-Nissan is another prominent player leveraging its Alliance to accelerate electric vehicle adoption. The Nissan Leaf, introduced in 2010, became the world's best-selling electric car. Renault-Nissan has set ambitious goals, aiming to achieve annual sales of 5 million electric vehicles by 2030. In 2019, the Alliance generated € billion ($ billion) in sales revenue.",,
,,,"The above-listed companies represent a fraction of the competitive landscape in the electric vehicle market. These players have demonstrated significant market growth, with their sales revenue reflecting their strong market presence and consumer demand for electric vehicles. The market is expected to continue expanding as governments worldwide push for decarbonization and stricter emission regulations.",,
,,,,,
,,,What Are The Key Opportunities For Electric Vehicles Manufacturers?,,
,,,"The electric vehicles market has witnessed significant growth in recent years, driven by factors such as increasing government initiatives to reduce carbon emissions, advancements in battery technology, and growing consumer awareness regarding environmental sustainability. According to market data, the global electric vehicles market is expected to grow at a compound annual growth rate (CAGR) of over 22% during the forecast period. This growth can be attributed to the rising demand for electric cars and buses, as well as increasing investments in charging infrastructure. The future outlook for the electric vehicles market remains positive, with the adoption of electric vehicles expected to increase further as governments worldwide implement stricter emission regulations and offer incentives to promote electric mobility.",,
,,,Inquire or Share Your Questions If Any Before Purchasing This Report: https://www.reliableresearchreports.com/enquiry/pre-order-enquiry/1698776,,
,,,,,
,,,Market Segmentation,,
,,,The Electric Vehicles Market Analysis by types is segmented into:,,
,,,BEV,,
,,,PHEV,,
,,,"Electric Vehicles (EVs) can be classified into two main market types: Battery Electric Vehicles (BEVs) and Plug-in Hybrid Electric Vehicles (PHEVs). BEVs are fully electric vehicles that run solely on electricity stored in their batteries, without the need for gasoline. PHEVs, on the other hand, have both an electric motor and an internal combustion engine. They can be charged by plugging into an external power source and also have the option to use gasoline for longer trips. These different market types offer consumers varying degrees of electrification, with BEVs providing complete electric mobility and PHEVs offering a combination of electric and gasoline-powered modes.",,
,,,Purchase this Report: https://www.reliableresearchreports.com/purchase/1698776,,
,,,,,
,,,The Electric Vehicles Market Industry Research by Application is segmented into:,,
,,,Home Use,,
,,,Commercial Use,,
,,,"Electric vehicles have gained popularity in both home and commercial use markets. In the home use market, electric vehicles provide a clean and energy-efficient option for commuting and running errands, reducing reliance on fossil fuels and decreasing carbon emissions. On the other hand, in the commercial use market, electric vehicles are being increasingly utilized for transportation and delivery services, providing cost-effective and environmentally friendly solutions for businesses. This transition towards electric vehicles in both sectors is driven by the need for sustainable transportation alternatives and the global push towards reducing greenhouse gas emissions.",,
,,,,,
,,,"In terms of Region, the Electric Vehicles Market Players available by Region are:",,
,,,North America:,,
,,,United States,,
,,,Canada,,
,,,Europe:,,
,,,Germany,,
,,,France,,
,,,U.K.,,
,,,Italy,,
,,,Russia,,
,,,Asia-Pacific:,,
,,,China,,
,,,Japan,,
,,,South Korea,,
,,,India,,
,,,Australia,,
,,,China Taiwan,,
,,,Indonesia,,
,,,Thailand,,
,,,Malaysia,,
,,,Latin America:,,
,,,Mexico,,
,,,Brazil,,
,,,Argentina Korea,,
,,,Colombia,,
,,,Middle East & Africa:,,
,,,Turkey,,
,,,Saudi,,
,,,Arabia,,
,,,UAE,,
,,,Korea,,
,,,"The electric vehicles (EV) market has witnessed substantial growth across various regions, including North America (NA), Asia Pacific (APAC), Europe, the United States (USA), and China. North America is poised to dominate the market, driven by government initiatives, growing awareness about environmental concerns, and increasing investments in EV infrastructure. Meanwhile, APAC is expected to witness significant growth due to the rising adoption of EVs in countries like China, India, and Japan. Europe is also a key player in the market, with countries like Germany and Norway leading in EV sales. As per market research, Chinese EV market share is expected to reach around 30%, followed by Europe at 20%, North America at 15%, and APAC (excluding China) at 10%. These regions collectively contribute to over three-quarters of the global EV market, demonstrating their dominance and market potential.",,
,,,Purchase this Report: https://www.reliableresearchreports.com/purchase/1698776,,
,,,,,
,,,"To view or add a comment, sign in",,
,,,,,
